#,City,ST,Type,Budget Range,Monthly Est,Median Home,D1 Airport,D2 Budget,D3 Health,D5 Tax,D6 Walk,D7 Outdoor,D8 Wellness,D9 Safety,D10 Comm.,Climate Warm W,Climate Hot Sum,Climate Mild YR,Setting,Character,Highlight,HUM (0-10),HEAT (0-10),PropTax Rate %,HO Insur Est $/yr,Ins Variance Note,D4 Resil.,D4 Resil. Rationale
1,Fairhope,AL,Small Town / Coastal,2,"$5,200–$6,500/mo","$461,000",4,5,6,7,7,6,5,7,7,7,4,3,"Beach / Coastal, Lakeside","Historic, Quiet & Residential, Arts & Culture","One of the most charming small towns in the South. Mobile Bay access, bluff views, independent arts scene. Strong community identity.",10,7,0.37,3633,,3,Gulf Coast (Mobile Bay) hurricane + storm surge
2,Fayetteville,AR,College / Outdoor,1,"$4,700–$5,800/mo","$339,000",6,8,8,7,6,8,7,7,8,5,6,4,Lakeside,"College Town, Arts & Culture, Nature-Centric",Fastest growing city in Arkansas. University of Arkansas energy. Washington Regional Medical excellent. Ozark trails. Best value college town in the database.,7,7,0.56,3733,,6,"Ozarks; tornado/severe-storm season, no defining catastrophic peril"
3,Hot Springs,AR,Spa / Resort Town,1,"$4,300–$5,300/mo","$238,000",4,9,5,7,5,6,5,5,6,5,8,5,"Lakeside, Mountain","Arts & Culture, Historic, Nature-Centric","The only city in America with a national park running through its downtown — Hot Springs offers natural hot springs, Oaklawn horse racing, lake recreation, and a genuine historic resort character at prices well below the national average.",8,7,0.56,3733,,6,Severe storms + localized flooding; insurance stable
4,Flagstaff,AZ,Mountain / University,3,"$6,200–$7,700/mo","$629,000",3,3,4,8,6,10,5,5,7,4,9,7,"Mountain, Desert","Historic, Arts & Culture, Nature-Centric","7,000 ft elevation means mild summers (77°F) while Scottsdale bakes. Grand Canyon 1 hour. Outdoor paradise with Northern Arizona University energy.",4,3,0.48,2344,,5,High-country wildfire + post-fire flash flooding; no extreme heat
5,Prescott,AZ,Mountain / Small Town,3,"$6,000–$7,400/mo","$585,000",3,4,5,8,6,8,7,7,7,6,5,9,Forest / Green,"Historic, Nature-Centric",Perfect 10 community. Courthouse Plaza walkable. Mile-high elevation means mild summers. Sedona 40 min. Strong retiree community. Airport access is the weakness.,3,5,0.48,2344,,5,"Wildfire-prone (Yarnell), milder heat than the valley"
6,Scottsdale,AZ,Desert / Resort,4,"$7,300–$9,100/mo","$833,000",9,3,10,8,4,8,10,6,8,8,1,10,Desert,"Resort / Golf, Quiet & Residential",Mayo Clinic Arizona — top 5 hospital nationally. PHX Sky Harbor 30 min. 300+ sunny days. Pickleball capital. The premier desert resort retirement destination.,1,10,0.48,2344,,4,Extreme summer heat + long-term Colorado River water scarcity
7,Sedona,AZ,Desert / Arts & Wellness Retreat,4,"$7,700–$9,500/mo","$896,000",3,2,4,8,4,9,6,8,7,7,3,8,"Mountain, Desert","Resort / Golf, Quiet & Residential, Arts & Culture, Nature-Centric","The only warm-winter mountain city in this group — pairing Arizona's retiree-friendly tax structure, world-class wellness culture, and red-rock beauty with mild January days of 58°F.",2,8,0.48,2344,,4,Wildfire + flash flooding + heat
8,Tucson,AZ,Desert / University,1,"$4,900–$6,100/mo","$333,000",6,8,8,8,4,9,7,5,8,8,2,9,"Mountain, Desert","Historic, College Town, Arts & Culture",University of Arizona anchors a vibrant cultural scene. Saguaro National Park. More affordable than Scottsdale. Strong healthcare with Banner University Medical.,2,9,0.48,2344,,4,Extreme heat + water scarcity
9,Carlsbad,CA,Beach Town,5,"$10,900–$13,600/mo","$1,481,000",6,1,9,2,5,8,7,6,7,9,10,9,Beach / Coastal,Quiet & Residential,Perfect 10 climate — San Diego County near-perfect year-round weather. Beautiful Pacific beaches. Excellent healthcare network. Extremely expensive.,5,2,0.7,1616,Wildfire zones above avg; Prop 13 favors long-term owners,5,"Coastal San Diego, lower fire, but statewide CA insurance stress"
10,Carmel-by-the-Sea,CA,Coastal Luxury,5,"$14,800–$18,400/mo","$2,281,000",6,1,6,2,8,8,6,9,8,8,6,9,Beach / Coastal,"Arts & Culture, Nature-Centric","Widely regarded as one of the most beautiful places in America — Carmel-by-the-Sea is a walkable fairytale village perched on Pacific cliffs with extraordinary art galleries, Pebble Beach golf, and the mildest coastal climate in the database.",5,2,0.7,1616,Wildfire zones above avg; Prop 13 favors long-term owners,4,Big Sur fire-adjacent + CA insurance non-renewal crisis
11,Napa,CA,Wine Country,4,"$7,900–$9,900/mo","$896,000",6,2,6,2,6,6,6,7,8,7,6,8,Forest / Green,"Arts & Culture, Nature-Centric","The heart of America’s premier wine country — Napa offers world-class food and wine culture, a mild Mediterranean climate, and proximity to San Francisco for retirees who prioritize lifestyle and sophistication over mountain access.",4,6,0.7,1616,Wildfire zones above avg; Prop 13 favors long-term owners,3,Severe wildfire history + insurance non-renewal crisis
12,Palm Springs,CA,Desert / Resort,3,"$6,600–$8,200/mo","$620,000",6,3,4,2,5,8,9,4,8,9,1,10,Desert,"Resort / Golf, Urban Neighborhood","Hollywood glamour meets desert winters. World-class resort spas, BNP Paribas tennis, Coachella, Film Festival. Iconic small resort city.",1,10,0.7,1616,Wildfire zones above avg; Prop 13 favors long-term owners,4,Extreme heat + some fire + CA insurance stress
13,Santa Barbara,CA,Beach / Luxury,5,"$12,000–$14,900/mo","$1,733,000",7,1,7,2,8,9,7,7,9,9,10,9,Beach / Coastal,"Historic, Arts & Culture, Nature-Centric","Perfect 10 climate AND perfect 10 community. Best all-around weather in the database. The American Riviera — Spanish architecture, wine country, beaches.",5,3,0.7,1616,Wildfire zones above avg; Prop 13 favors long-term owners,3,Wildfire (Thomas Fire) + debris-flow risk + CA insurance crisis
14,Colorado Springs,CO,Mountain / Military,2,"$5,700–$7,100/mo","$456,000",6,5,8,7,4,9,7,4,8,4,8,8,Mountain,"Historic, Nature-Centric","Perfect 10 outdoor recreation AND community. Pikes Peak, Garden of the Gods in city limits. UCHealth Memorial excellent. Military culture creates civic pride.",3,4,0.5,4963,Wildfire/foothill zones above avg,5,Wildfire (Waldo/Black Forest) + nation-leading hail; insurance available
15,Durango,CO,Mountain / Historic Railroad Town,4,"$7,000–$8,700/mo","$704,000",3,3,5,8,4,9,7,6,8,3,7,9,Mountain,"Historic, College Town, Quiet & Residential, Arts & Culture, Nature-Centric","Colorado's best senior tax benefits wrapped around a vibrant historic railroad town with 300 days of sunshine, gold-medal trout fishing through downtown, and cultural depth that belies its 19,000-person population.",4,4,0.5,4963,Wildfire/foothill zones above avg,5,SW Colorado wildfire + drought
16,Fort Collins,CO,College Town / Outdoor,3,"$6,200–$7,700/mo","$553,000",6,5,7,5,5,9,8,8,8,5,5,7,"Forest / Green, Mountain","College Town, Arts & Culture, Nature-Centric","Colorado State University energy meets world-class outdoor recreation. UCHealth Poudre Valley — #5 in Colorado, nationally ranked. Rocky Mountain National Park 45 min away. Old Town arts scene. Award-winning Senior Center. 300+ sunny days. 70 min to DIA.",3,5,0.5,4963,Wildfire/foothill zones above avg,5,Wildfire (Cameron Peak) + hail
17,Grand Junction,CO,Desert / Wine Country,2,"$5,600–$6,900/mo","$425,000",6,8,6,5,5,7,6,7,6,5,7,6,"Mountain, Desert","Nature-Centric, Arts & Culture","Colorado’s affordable outdoor alternative — Grand Junction delivers wine country, canyon recreation, 300+ sunny days, and access to world-class destinations at a fraction of Front Range prices.",3,7,0.5,4963,Wildfire/foothill zones above avg,6,"High desert; lower fire, some drought/heat"
18,Steamboat Springs,CO,Mountain Resort,5,"$9,100–$11,300/mo","$1,138,000",5,2,5,5,5,9,6,8,7,2,5,4,Mountain,"Nature-Centric, Arts & Culture","The most Olympic athletes per capita of any American town, Steamboat Springs offers world-class skiing, natural hot springs, and a genuine mountain town character at prices more accessible than Aspen or Jackson Hole.",3,3,0.5,4963,Wildfire/foothill zones above avg,5,Mountain wildfire + remoteness/drought
19,Vail,CO,Mountain Luxury,5,"$11,400–$14,200/mo","$1,627,000",6,1,6,5,7,10,8,9,7,2,5,5,Mountain,"Nature-Centric, Arts & Culture","The gold standard of American mountain resort living — Vail offers world-class skiing, a walkable European-style pedestrian village, and outdoor recreation infrastructure that is unmatched in the database, at a price to match.",3,2,0.5,4963,Wildfire/foothill zones above avg,5,Mountain wildfire + drought + remoteness
20,Rehoboth Beach,DE,Beach Town / Resort,3,"$6,200–$7,700/mo","$632,000",5,2,6,9,7,8,6,7,8,5,6,5,Beach / Coastal,"Historic, Arts & Culture, Quiet & Residential","Delaware's 'Florida of the North' — nicknamed for its large retiree population and coastal lifestyle. No sales tax, SS exempt, 0.5% property tax. Atlantic beaches, Cape Henlopen State Park. Strong arts scene. Nearly half the population over 65. Biden's summer home.",8,6,0.54,1374,,5,"Atlantic coastal flooding, nor'easters, sea-level rise"
21,Wilmington,DE,Historic / Urban,3,"$6,500–$8,000/mo","$430,000–$960,000",7,5,8,8,6,6,5,7,7,4,6,5,"Urban / Metro, Forest / Green","Historic, Arts & Culture, Urban Neighborhood","WalletHub's 8th best US city to retire. No sales tax. No estate tax. SS exempt. ChristianaCare highly ranked. Philly's world-class hospitals 25 min away. Citywide median home $215K but retirees target Greenville, Hockessin, Brandywine Hundred, and Trolley Square ($400K–$1.1M). Strong tax package.",8,6,0.54,1374,,7,Inland riverine flood risk only; low catastrophic exposure
22,Delray Beach,FL,Beach / Walkable,2,"$5,100–$6,300/mo","$341,000",9,6,5,9,8,6,9,7,9,10,4,4,Beach / Coastal,"Urban Neighborhood, Arts & Culture",Best airport access in the database — 3 major airports within 55 min. Atlantic Avenue is one of Florida's most walkable and vibrant main streets.,9,7,0.78,7136,Coastal far above state avg; inland below,2,"Atlantic hurricane + surge; sits in Florida, the nation's costliest home-insurance market"
23,Fort Myers,FL,Beach / Active Adult,2,"$5,500–$6,800/mo","$372,000",9,7,9,9,3,6,8,6,7,10,4,3,"Beach / Coastal, Lakeside","Resort / Golf, Quiet & Residential",RSW airport excellent. Lee Health strong regional hospital. Cape Coral and Sanibel beaches. More affordable than Naples while offering similar Gulf Coast lifestyle.,9,7,0.78,7136,Coastal far above state avg; inland below,1,Hurricane Ian ground zero — catastrophic surge; Florida's high-cost insurance market
24,Naples,FL,Beach / Resort,3,"$6,500–$8,100/mo","$585,000",8,3,10,9,5,6,10,9,8,10,4,3,Beach / Coastal,Resort / Golf,NCH Hospital #1 in Florida multiple years. 97th percentile safety. World-class Gulf beaches. The most exclusive small resort city in Florida.,9,7,0.78,7136,Coastal far above state avg; inland below,2,Hurricane + surge + coastal flood; Florida's high-cost insurance market
25,Pensacola,FL,Beach / Military,1,"$4,900–$6,100/mo","$264,000",7,7,7,9,4,7,6,6,7,7,5,3,Beach / Coastal,"Historic, Nature-Centric",Pensacola Beach — some of the whitest sand on the Gulf Coast. No Florida income tax. More affordable than most FL beach cities. Military heritage.,9,7,0.78,7136,Coastal far above state avg; inland below,2,"Panhandle hurricanes (Ivan, Sally) + surge; Florida's high-cost insurance market"
26,Sarasota,FL,Beach / Arts,2,"$5,800–$7,200/mo","$462,000",7,5,10,9,6,6,9,5,9,10,4,3,Beach / Coastal,"Resort / Golf, Urban Neighborhood, Arts & Culture","Siesta Key #1 beach in America. Sarasota Memorial perfect CMS 5-star rating every year. Extraordinary arts scene — opera, ballet, symphony, Ringling Museum.",9,7,0.78,7136,Coastal far above state avg; inland below,2,Gulf surge + hurricane; Florida's high-cost insurance market
27,St. Augustine,FL,Historic / Beach,2,"$5,700–$7,100/mo","$432,000",6,5,8,9,7,6,6,8,9,8,4,4,Beach / Coastal,"Historic, Arts & Culture, Nature-Centric",Perfect 10 community. Oldest city in America — 1565. Genuinely walkable historic district. Flagler Hospital well-rated. No Florida income tax.,9,7,0.78,7136,Coastal far above state avg; inland below,3,"NE-FL coast; hurricane/flood, somewhat less surge-exposed; Florida's high-cost insurance market"
28,St. Petersburg,FL,Beach / Arts City,2,"$5,200–$6,500/mo","$375,000",8,6,7,9,8,7,8,6,9,9,7,8,"Beach / Coastal, Urban / Metro","Arts & Culture, Urban Neighborhood, Historic","Motley Fool's #1 Best Place to Retire 2026. Walk Score 94, Bike Score 90. Dalí Museum, Chihuly Collection, vibrant arts scene. Cost of living 4% below national average. Homicides down 44% in 2025. Florida's most walkable city with real beach access.",9,7,0.78,7136,Coastal far above state avg; inland below,2,Tampa Bay — among the most surge-vulnerable US metros; Florida's high-cost insurance market
29,Tampa,FL,Metro / Beach,2,"$5,500–$6,800/mo","$400,000",10,6,10,9,6,6,7,6,8,9,4,3,"Beach / Coastal, Lakeside","Historic, Arts & Culture",Perfect 10 airport AND perfect 10 healthcare. TPA major hub. Tampa General nationally ranked. Most complete package of any Florida metro. Best value in FL.,9,7,0.78,7136,Coastal far above state avg; inland below,2,Extreme storm-surge exposure; Florida's high-cost insurance market
30,Savannah,GA,Historic / Coastal,1,"$4,700–$5,800/mo","$326,000",5,7,6,7,7,6,5,4,8,7,5,3,"Beach / Coastal, Forest / Green","Urban Neighborhood, Arts & Culture, Historic","22 moss-draped historic squares — one of America's most beautiful cities. SCAD arts scene, world-class food, affordable coastal living.",10,7,0.79,2323,,3,Coastal hurricane + tidal flooding
31,Des Moines,IA,Capital City / Midwest,1,"$4,200–$5,300/mo","$191,000",7,8,8,6,5,5,7,7,7,2,6,4,"Urban / Metro, Forest / Green","Urban Neighborhood, Arts & Culture, College Town","Iowa's capital delivers extraordinary value — 17% below national cost of living, $217K median home, MercyOne top-ranked for coronary care. Principal Financial, Wells Fargo, Nationwide all headquartered here creating a sophisticated city feel. East Village arts district and Gray's Lake trails offer genuine urban quality of life.",7,6,1.33,2902,,7,Derecho (2020) + severe convective storms; insurance stable
32,Boise,ID,Outdoor / Growing,2,"$5,700–$7,000/mo","$505,000",7,4,7,6,4,8,7,8,7,4,5,8,Lakeside,"Arts & Culture, Nature-Centric",Fastest growing city in the database. Outdoor recreation exceptional. 74th percentile safety. But housing has risen sharply and summers get hot.,4,7,0.5,2240,,5,Wildfire + smoke + growing heat
33,Coeur d’Alène,ID,Lakeside Mountain,3,"$5,900–$7,400/mo","$553,000",6,5,6,7,5,8,7,7,7,3,6,5,"Mountain, Lakeside","Nature-Centric, Arts & Culture","One of the most visually stunning small cities in America — Coeur d’Alène sits on a sparkling lake surrounded by forested mountains, with Spokane’s full urban amenities just 30 miles west.",5,5,0.5,2240,,5,Wildfire + smoke
34,Sun Valley,ID,Mountain Resort,5,"$8,600–$10,700/mo","$1,114,000",5,2,5,7,6,10,5,9,7,2,5,4,Mountain,"Nature-Centric, Arts & Culture","Sun Valley has attracted artists, writers, and outdoor enthusiasts for a century — a sophisticated mountain resort with world-class skiing, summer festivals, and Idaho’s favorable tax environment.",3,4,0.5,2240,,5,Mountain wildfire + remoteness
35,Bloomington,IN,College Town,1,"$4,600–$5,700/mo","$296,000",5,7,7,6,6,6,6,6,8,3,7,5,Forest / Green,"College Town, Quiet & Residential, Arts & Culture",Indiana University anchors a vibrant arts and intellectual community. IU Health hospital excellent. Affordable college town with surprising cultural depth.,7,6,0.76,2887,,7,Tornado/severe-storm season; otherwise low exposure
36,Indianapolis,IN,Urban / Sports,2,"$5,400–$6,700/mo","$432,000",8,6,8,6,5,3,5,7,7,3,7,4,"Urban / Metro, Forest / Green","Urban Neighborhood, Arts & Culture","Indianapolis offers a complete major-city experience — excellent airport, strong healthcare, thriving sports culture, and a growing arts scene. Citywide median home $223K but retirees target Carmel, Zionsville, Fishers, and Broad Ripple ($425K–$700K).",7,7,0.76,2887,,7,Tornado/severe storms; low catastrophic exposure
37,Lexington,KY,Horse Country / College,1,"$4,800–$5,900/mo","$333,000",6,8,9,6,6,6,6,6,7,4,6,4,"Lakeside, Forest / Green","Historic, College Town, Arts & Culture","UK HealthCare exceptional — nationally ranked. Horse country beauty. Affordable college town. Keeneland, bourbon culture, strong arts scene.",7,7,0.74,4042,,6,Tornado + flooding risk; moderate overall
38,Paducah,KY,River City / Arts,1,"$4,100–$5,100/mo","$185,000",4,9,6,7,5,4,4,6,7,4,7,5,"Lakeside, Forest / Green","Arts & Culture, Historic, Nature-Centric","A UNESCO Creative City at the confluence of the Ohio and Tennessee Rivers — Paducah offers a nationally recognized arts scene, gorgeous historic downtown, and some of the lowest home prices in the database.",8,7,0.74,4042,,5,New Madrid seismic-zone edge + Ohio/Mississippi flooding + tornado
39,Annapolis,MD,Historic / Waterfront,3,"$6,300–$7,800/mo","$630,000",8,3,7,4,8,7,6,6,8,4,6,4,"Beach / Coastal, Lakeside","Historic, Arts & Culture, Nature-Centric",America's sailing capital. Extraordinary historic downtown. BWI airport 25 min. Baltimore and DC world-class medical centers within reach.,7,5,0.92,1918,,6,Chesapeake tidal flooding + sea-level rise + hurricane remnants
40,Silver Spring,MD,Urban / Walkable / DC Metro,3,"$5,900–$7,400/mo","$526,000",8,4,8,4,7,5,6,5,7,5,6,5,Urban / Metro,"Arts & Culture, Urban Neighborhood, Nature-Centric","Metro Red Line + MARC train direct to DC. Purple Line coming 2027. Johns Hopkins 30 min, NIH 15 min. One of the most diverse communities in the DC metro area.",8,6,0.92,1918,,7,"Inland DC metro; low catastrophic, some flooding"
41,Portland,ME,New England / Arts,3,"$5,900–$7,400/mo","$576,000",8,3,9,4,9,7,6,4,9,2,8,6,"Beach / Coastal, Lakeside","Historic, Quiet & Residential, Arts & Culture",Perfect 10 community — best food scene per capita in the US. Maine Medical Center excellent. Most walkable small city in New England. Real winters.,6,3,0.98,1335,,8,Coastal storms but low catastrophic exposure; stable market
42,Ann Arbor,MI,College Town,2,"$5,600–$6,900/mo","$489,000",9,5,10,7,8,5,7,7,8,3,7,5,Lakeside,"College Town, Arts & Culture, Nature-Centric",University of Michigan drives world-class healthcare and culture. DTW airport 30 min. Michigan Medicine top 10 hospital nationally. Exceptional college town.,6,5,1.19,2924,,9,"Great Lakes; minimal catastrophic exposure, stable insurance"
43,St. Paul,MN,Major Metro,1,"$4,700–$5,900/mo",297000,10,5,9,3,7,6,7,7,8,1,7,5,Urban / Metro,"Historic, College Town, Urban Neighborhood","Perfect 10 airport access — MSP is a major Delta hub. Exceptional healthcare. Citywide median home $280K but retirees target Highland Park, Macalester-Groveland, Summit Hill, and St. Anthony Park ($425K–$650K). Warning: brutal winters.",6,5,1.0,2729,,8,Severe winter/storms; low catastrophic exposure
44,Kansas City,MO,Urban / Cultural,1,"$4,500–$5,700/mo","$250,000",8,8,8,6,5,4,5,5,7,3,7,4,"Urban / Metro, Forest / Green","Urban Neighborhood, Arts & Culture, Historic","One of the most underrated major American cities for retirement — Kansas City combines world-class arts, legendary barbecue culture, affordable homes under $260K, and strong healthcare without coastal price tags.",7,7,0.89,3979,,6,Tornado Alley severe storms + hail
45,St. Louis,MO,Major Metro / Historic,1,"$4,400–$5,400/mo","$235,000",8,8,10,6,6,6,7,5,8,4,7,5,"Urban / Metro, Forest / Green","Historic, Arts & Culture, Urban Neighborhood","Barnes-Jewish Hospital — #1 in Missouri, nationally ranked in 11 specialties, US News Honor Roll. Forest Park is larger than Central Park. Free world-class art museum. Median home $250K citywide but retirees target Chesterfield, Kirkwood, Webster Groves ($350K–$500K). Extraordinary value for healthcare quality.",8,8,0.89,3979,,5,Tornado + river flooding + New Madrid seismic proximity + heat
46,Bozeman,MT,Mountain / College Town,4,"$6,900–$8,600/mo","$740,000",7,3,6,5,5,9,7,7,7,2,8,9,Mountain,"College Town, Quiet & Residential, Arts & Culture, Nature-Centric","Montana's strongest all-around mountain college town — excellent airport, Leapfrog A hospital, Yellowstone 90 minutes away, and Montana State University energy year-round.",3,3,0.61,3215,,5,Wildfire + smoke
47,Missoula,MT,Mountain / Arts & College Town,3,"$6,000–$7,500/mo","$548,000",5,4,7,4,5,8,6,3,8,3,6,9,Mountain,"College Town, Quiet & Residential, Arts & Culture, Nature-Centric","Montana's #1 hospital, the deepest arts scene in the Mountain West for its size, and three rivers converging at the city — all at the most accessible price point in this group.",4,4,0.61,3215,,5,Wildfire + valley-trapped smoke
48,Whitefish,MT,Mountain Resort,4,"$7,400–$9,200/mo","$847,000",6,4,5,8,6,9,5,8,6,2,5,4,"Mountain, Lakeside","Nature-Centric, Arts & Culture, Historic","Gateway to Glacier National Park with world-class skiing, stunning lake views, and a walkable mountain town character that draws active retirees from across the country.",5,3,0.61,3215,,5,Mountain wildfire + remoteness
49,Asheville,NC,Mountain Arts Town,2,"$5,400–$6,700/mo","$462,000",5,5,5,6,7,10,6,5,9,5,8,7,Mountain,"Historic, Arts & Culture, Nature-Centric","Perfect 10 outdoor recreation — Blue Ridge Parkway, Great Smokies 1 hour. Extraordinary arts scene. #1 breweries per capita in the US.",7,4,0.66,3124,Coastal above state avg,5,Former 'climate haven'; Hurricane Helene caused catastrophic inland flooding (2024)
50,Beaufort,NC,Historic / Coastal / Small Town,1,"$4,700–$5,900/mo","$318,000",4,7,5,7,5,8,7,8,8,7,5,6,"Beach / Coastal, Lakeside","Historic, Quiet & Residential, Nature-Centric","Third oldest town in NC (1709). Budget Travel's 'America's Coolest Small Town.' Carteret County's lowest property tax in NC. Wild horses on Rachel Carson Reserve. Year-round water sports. Cape Lookout National Seashore. Tight, welcoming community identity unlike anywhere in the database.",9,6,0.66,3124,Coastal above state avg,2,Crystal Coast barrier — extreme hurricane + surge exposure
51,Raleigh,NC,Metro / Research,2,"$5,400–$6,700/mo","$436,000",9,6,10,7,4,6,6,6,7,5,5,4,Urban / Metro,"Historic, Arts & Culture, Nature-Centric",WakeMed and UNC Health excellent. RDU strong airport. Research Triangle energy drives culture and healthcare. Best complete package in the Southeast.,8,7,0.66,3124,Coastal above state avg,7,"Piedmont; hurricane remnants only, low exposure"
52,Wilmington,NC,Beach / Historic,2,"$5,200–$6,500/mo","$418,000",6,6,5,7,5,7,6,3,7,6,6,4,"Beach / Coastal, Lakeside","Historic, Arts & Culture, Nature-Centric",Wrightsville Beach one of the East Coast's best. Historic downtown. Film production hub. More affordable than comparable coastal NC cities.,9,7,0.66,3124,Coastal above state avg,2,Direct hurricane-landfall corridor (Florence) + surge
53,Nashua,NH,New England / Value,2,"$5,600–$7,000/mo","$440,000",8,4,8,9,6,5,5,6,6,2,7,6,"Lakeside, Forest / Green","Historic, Quiet & Residential, Arts & Culture",No New Hampshire income tax. BOS airport 45 min. Southern Gateway Hospital strong. Boston access without Boston prices. Real winters.,6,5,1.5,1300,,8,Low catastrophic exposure; occasional flooding/winter storms
54,Rio Rancho,NM,Desert Suburb,1,"$4,800–$6,000/mo","$323,000",7,7,7,6,4,5,6,7,5,6,8,7,"Desert, Mountain","Nature-Centric, Arts & Culture","Ranked #6 US News Best Places to Retire 2026 — Rio Rancho combines 300+ sunny days, stunning Sandia Mountain views, affordable master-planned neighborhoods, and 20-minute access to Albuquerque’s medical centers.",2,7,0.63,2869,,6,High-desert wildfire/drought/heat; milder than AZ valley
55,Santa Fe,NM,Historic Arts Capital,3,"$6,000–$7,400/mo","$571,000",5,6,7,5,6,7,6,3,10,4,8,8,"Mountain, Desert","Historic, Quiet & Residential, Arts & Culture","Perfect 10 community — 3rd largest art market in US after New York and LA. Founded 1610. 7,000 ft elevation creates unique high-desert setting.",3,5,0.63,2869,,5,Wildfire (record 2022 fire) + drought + heat
56,Las Vegas,NV,Major Metro / Entertainment,2,"$5,600–$7,000/mo","$478,000",10,5,7,10,3,7,7,5,8,8,3,7,"Desert, Urban / Metro","Resort / Golf, Urban Neighborhood, Arts & Culture",Perfect 10 airport AND perfect 10 taxes — a rare double. LAS serves 120+ nonstop destinations. Zero Nevada income tax on everything. Warm dry winters. Red Rock Canyon 20 min. Cleveland Clinic Lou Ruvo Center for Brain Health. Entertainment capital of the world. Retirees live in Summerlin or Henderson — not near the Strip.,1,10,0.5,1774,,5,Extreme heat + water scarcity
57,Saratoga Springs,NY,Historic / Arts,3,"$6,700–$8,300/mo","$619,000",6,3,6,2,8,7,6,8,8,2,7,6,Lakeside,"Historic, Arts & Culture, Nature-Centric","Perfect 10 community. Horse racing, SPAC, mineral springs, extraordinary arts calendar. One of the most distinctive small cities in America.",6,5,1.3,1683,,8,Upstate; low catastrophic exposure
58,Columbus,OH,Major Metro / College Town,1,"$4,400–$5,500/mo","$235,000",8,7,9,6,5,5,7,6,8,3,6,4,"Urban / Metro, Forest / Green","Urban Neighborhood, Arts & Culture, College Town","Ohio State Wexner Medical Center and The James Cancer Hospital make Columbus a genuine healthcare powerhouse. At $260K median home in a growing, culturally vibrant city with 7% below national average cost of living — extraordinary value for retirees who prioritize medical access and urban amenities.",7,6,1.36,2118,,8,Low catastrophic exposure; occasional severe storms
59,Bend,OR,Outdoor / Growing,4,"$6,900–$8,500/mo","$726,000",6,4,8,6,7,10,7,8,7,5,8,9,"Mountain, Lakeside",Nature-Centric,"Perfect 10 outdoor recreation. High desert at 3,600 ft means 300 sunny days and dry summers. St. Charles Medical excellent. But housing has surged.",3,4,0.81,1572,,4,"Wildfire + smoke + drought, worsening"
60,Eugene,OR,College / Outdoor,2,"$5,600–$6,900/mo","$478,000",5,4,7,3,7,8,6,5,7,5,7,8,"Mountain, Lakeside","College Town, Arts & Culture, Nature-Centric",University of Oregon energy. Outdoor recreation excellent. Willamette Valley wine country. But Oregon income tax is among the worst for retirees.,6,4,0.81,1572,,5,Wildfire smoke + 2020-fire proximity; wetter winters
61,Philadelphia,PA,Historic / Urban / College Town,1,"$4,200–$5,300/mo","$240,000",8,5,10,6,8,5,7,6,9,5,6,5,"Urban / Metro, Beach / Coastal","Historic, Arts & Culture, Urban Neighborhood, Nature-Centric, Big City Energy","Penn Medicine #1 in Pennsylvania, nationally ranked in 11 specialties. Jefferson Health nationally ranked in 6. Citywide median home $270K but retirees target Rittenhouse Square, Society Hill, Chestnut Hill, and Manayunk ($475K–$975K).",7,6,1.26,1529,,7,Riverine/coastal flood pockets + heat; low catastrophic
62,Pittsburgh,PA,College Town / Urban / Outdoor,1,"$4,300–$5,400/mo","$240,000",6,5,10,7,6,6,6,7,8,4,6,5,"Mountain, Lakeside","Arts & Culture, Urban Neighborhood, College Town, Nature-Centric","UPMC Presbyterian Shadyside #1 in Pittsburgh, #2 in Pennsylvania, nationally ranked in 9 specialties. Citywide median home $265K but retirees target Squirrel Hill, Shadyside, Mt. Lebanon, and Fox Chapel ($425K–$700K+). World-class healthcare at northeastern-affordable prices.",7,5,1.26,1529,,8,Localized riverine flood/landslide only; low catastrophic
63,Charleston,SC,Historic / Beach,2,"$5,600–$7,000/mo","$526,000",8,5,9,6,7,8,7,5,9,7,5,3,Beach / Coastal,"Historic, Urban Neighborhood, Arts & Culture",MUSC Health #1 hospital in SC 11 consecutive years. One of America's most beautiful historic cities with a world-class food and arts scene.,10,7,0.49,2974,Coastal above state avg,3,Hurricane + tidal/nuisance flooding + sea-level rise
64,Greenville,SC,Inland / Small City,1,"$4,700–$5,800/mo","$326,000",6,8,8,6,7,7,6,4,7,5,6,4,"Mountain, Forest / Green","Urban Neighborhood, Quiet & Residential, Arts & Culture","Two competing top-ranked hospital systems. Falls Park, Swamp Rabbit Trail, thriving Main Street. Housing 27% below national average.",8,7,0.49,2974,Coastal above state avg,6,"Upstate; low coastal risk, occasional severe storms"
65,Hilton Head,SC,Resort / Golf,3,"$6,600–$8,200/mo","$705,000",6,4,7,7,4,6,8,5,7,7,5,3,Beach / Coastal,Resort / Golf,"Classic resort island retirement — Harbour Town Golf Links, pristine Atlantic beaches, world-class golf. Quieter and more exclusive than Florida peers.",9,6,0.49,2974,Coastal above state avg,3,Barrier-island hurricane + surge exposure
66,Sioux Falls,SD,Small Metro / Plains,1,"$4,900–$6,100/mo","$314,000",6,8,8,10,3,5,7,8,7,1,5,3,Forest / Green,"Quiet & Residential, Nature-Centric","No South Dakota state income tax — zero on Social Security, 401k, IRA, pension, everything. Sanford Health nationally recognized. Forbes Top 25 cities to retire. Median home $285K. Very safe. The trade is brutal winters — January average 16°F. For tax-motivated retirees who can handle cold, Sioux Falls delivers extraordinary financial value.",6,5,1.0,3760,,7,Hail/severe weather; no defining catastrophic peril
67,Chattanooga,TN,Outdoor / Mid-size,1,"$4,600–$5,800/mo","$328,000",5,9,8,10,6,8,6,4,7,5,6,4,"Mountain, Lakeside","Urban Neighborhood, Quiet & Residential, Nature-Centric",Best value city in the Southeast. No Tennessee income tax. CHI Memorial Best Regional Hospital 11 straight years. Stunning Tennessee River setting.,8,7,0.52,2958,,6,"Flooding + tornado; Appalachian, Helene-region edge"
68,Johnson City,TN,Mountain / Affordable,1,"$4,400–$5,400/mo","$264,000",5,9,3,8,4,8,6,6,6,5,7,5,Lakeside,"Historic, Nature-Centric",Most affordable city in the database at Range 1. No Tennessee income tax. Appalachian Trail access. Beautiful mountain setting. Hospital quality is the key concern.,7,5,0.52,2958,,5,Far-E TN; severe Helene-related flooding nearby (2024)
69,Knoxville,TN,College / Outdoor,1,"$4,900–$6,100/mo","$368,000",6,8,8,9,5,8,7,7,8,5,6,4,"Mountain, Lakeside","College Town, Urban Neighborhood, Nature-Centric",No Tennessee income tax. University of Tennessee energy. Great Smoky Mountains 30 min. Underrated city with strong hospital system and exceptional value.,8,7,0.52,2958,,6,Flooding + tornado; Helene-region edge
70,Memphis,TN,Urban / Cultural,1,"$4,100–$5,100/mo","$195,000",8,7,9,9,5,3,4,7,7,5,8,5,"Urban / Metro, Forest / Green","Urban Neighborhood, Arts & Culture, Historic","The birthplace of blues, rock and roll, and soul food — Memphis has one of the richest cultural identities in America, world-class healthcare in St. Jude and Methodist hospitals. Citywide median home $170K but retirees target Germantown, Collierville, East Memphis, and Bartlett ($280K–$500K).",9,8,0.52,2958,,4,New Madrid seismic zone + Mississippi flooding + tornado + heat
71,Nashville,TN,Metro / Music City,2,"$5,400–$6,700/mo","$460,000",9,5,9,9,5,6,7,5,9,6,5,7,"Urban / Metro, Forest / Green","Arts & Culture, Urban Neighborhood, Historic","Music City's secret weapon: Vanderbilt UIMC — #1 hospital in Tennessee, nationally ranked in 6 specialties. BNA airport 8 miles, 108 domestic routes. No state income tax. World-class food, music, and culture. Getting expensive but still compelling.",8,7,0.52,2958,,6,Flooding (2010/2021) + tornado (2020) + heat
72,Corpus Christi,TX,Beach / Affordable,1,"$4,600–$5,700/mo","$219,000",3,9,5,9,3,5,4,4,5,8,4,3,Beach / Coastal,Quiet & Residential,Most affordable Gulf Coast beach city in the database. No Texas income tax. Year-round warm weather. Padre Island National Seashore.,9,7,1.4,4085,Gulf coast far above state avg,2,Gulf hurricane + surge + high coastal insurance
73,Fort Worth,TX,City / Western,2,"$5,000–$6,200/mo","$300,000",10,7,8,8,5,4,6,6,7,6,3,4,Urban / Metro,"Historic, Arts & Culture",Perfect 10 airport — DFW is a major American hub. Genuine Western character. World-class Kimbell Art Museum. No Texas income tax. Affordable.,7,9,1.4,4085,Gulf coast far above state avg,5,Tornado Alley fringe + severe hail + heat; elevated but available insurance
74,Georgetown,TX,Active Adult / Suburban,3,"$5,900–$7,300/mo","$457,000",7,6,6,9,5,5,10,9,7,7,3,4,Forest / Green,Quiet & Residential,"Sun City Texas — 86,000 sq ft amenity center, 3 golf courses, 100+ clubs, Senior University. 85th percentile safety. No Texas income tax. AUS airport 35 min.",7,9,1.4,4085,Gulf coast far above state avg,5,Central-TX severe storms/hail + heat
75,San Antonio,TX,City / Historic,2,"$5,100–$6,400/mo","$320,000",9,6,8,9,5,5,6,7,8,7,3,4,Forest / Green,"Historic, Arts & Culture","No Texas income tax. SAT airport excellent. River Walk, the Alamo, world-class Mexican food culture. Citywide median home $260K but retirees target Stone Oak, Alamo Heights, Terrell Hills, and Olmos Park ($475K–$900K).",8,9,1.4,4085,Gulf coast far above state avg,5,Flash flooding + hail + heat
76,Frisco,TX,Master-Planned Suburb,4,"$7,200–$8,900/mo","$674,000",9,4,8,8,3,4,8,8,7,6,3,4,Urban / Metro,"Quiet & Residential, Resort / Golf","Sports City USA — PGA of America headquarters, the Dallas Cowboys' Star campus, and FC Dallas in one master-built suburb. DFW hub about 30 minutes. No Texas income tax. One of America's safest large cities for its size.",7,9,1.4,4085,Gulf coast far above state avg,5,N-TX hail/tornado + heat
77,Park City,UT,Mountain / Resort Town,5,"$10,600–$13,200/mo","$1,522,000",8,1,7,4,6,10,9,7,7,2,9,9,Mountain,"Historic, Resort / Golf, Arts & Culture, Nature-Centric","Two world-class ski resorts, SLC airport 35 minutes away, and elite wellness infrastructure — the premium mountain resort retirement destination in the West.",3,3,0.48,1814,,6,Mountain wildfire + water + moderate Wasatch seismic
78,St. George,UT,Desert / Outdoor,2,"$5,700–$7,100/mo","$507,000",5,4,10,5,3,10,9,7,6,6,2,9,Desert,"Resort / Golf, Nature-Centric","Perfect 10 outdoor recreation — Zion 45 min, Bryce Canyon 90 min, Snow Canyon in city limits. Intermountain Health #2 in Utah with A Leapfrog grade.",2,9,0.48,1814,,5,Desert extreme heat + water scarcity + some fire
79,Alexandria,VA,Historic / Urban / Waterfront,3,"$6,400–$7,900/mo","$673,000",9,3,9,6,9,5,6,5,8,6,7,6,"Beach / Coastal, Urban / Metro","Historic, Arts & Culture, Urban Neighborhood, Nature-Centric","Historic Old Town walkable with 5 Metro stations — Reagan National 15 min by Metro. Inova Alexandria Hospital Leapfrog A, US News #7 in DC metro.",8,6,0.78,2074,,7,"Potomac/tidal flood pockets; low catastrophic, DC metro"
80,Charlottesville,VA,College / Historic,2,"$5,500–$6,800/mo","$465,000",4,4,9,6,7,8,5,7,8,5,6,5,Lakeside,"Historic, Arts & Culture, Nature-Centric","UVA Health excellent — Level I trauma, nationally ranked. Monticello, Blue Ridge Parkway, Shenandoah all within reach. Exceptional intellectual and arts community.",7,6,0.78,2074,,7,Inland Piedmont; low exposure
81,Roanoke,VA,Blue Ridge Mountain City,1,"$4,400–$5,400/mo","$251,000",5,8,7,5,6,8,7,7,7,4,7,5,"Mountain, Forest / Green","Arts & Culture, Nature-Centric, Historic","Tucked into the Blue Ridge Mountains with the Appalachian Trail and Blue Ridge Parkway in its backyard — Roanoke combines genuine mountain access, Carilion’s strong regional healthcare, a growing arts scene, and median homes under $230K.",7,6,0.78,2074,,7,"Blue Ridge valley; low catastrophic, some flooding"
82,Virginia Beach,VA,Beach / Metro,2,"$5,300–$6,600/mo","$417,000",7,6,8,7,4,7,7,6,7,5,6,4,Beach / Coastal,"Resort / Golf, Quiet & Residential",35 miles of Atlantic beach. Sentara Healthcare strong regional system. More affordable than comparable Florida beach cities.,8,6,0.78,2074,,4,Coastal hurricane + surge + recurrent tidal flooding + sea-level rise
83,Spokane,WA,Inland / Outdoor,2,"$5,300–$6,600/mo","$404,000",7,8,8,9,6,7,6,3,7,3,7,8,"Mountain, Lakeside","Historic, Arts & Culture, Nature-Centric",No Washington income tax. Providence Sacred Heart excellent hospital. Affordable Pacific Northwest living far from Seattle prices. Outdoor recreation strong.,4,6,0.75,1753,,5,Wildfire + smoke (eastern WA)
84,Madison,WI,College Town / Lakes,2,"$5,400–$6,700/mo","$413,000",6,6,8,5,5,7,7,6,8,2,7,5,Lakeside,"College Town, Arts & Culture, Nature-Centric",University of Wisconsin drives exceptional culture between two beautiful lakes. UW Health nationally ranked. State Capitol energy. Real winters.,6,5,1.32,1812,,8,Severe storms only; low catastrophic exposure
85,Casper,WY,Small City / Outdoor,1,"$4,600–$5,700/mo","$273,000",4,9,6,10,3,8,6,8,6,2,5,4,"Mountain, Forest / Green","Quiet & Residential, Nature-Centric","Wyoming ranked #1 retirement destination for affordability and open spaces (Cowboy State Daily, 2026). No Wyoming state income tax — zero on everything. Median home $275K. Platte River Trails, Casper Mountain, wild horses nearby. Wyoming Medical Center adequate regional hub. Best value for outdoor-oriented, tax-motivated retirees who embrace small-town life.",3,6,0.53,2075,,7,"High-plains wind/severe weather; low catastrophic, low density"
86,Jackson Hole,WY,Mountain / Luxury,5,"$12,200–$15,200/mo","$1,851,000",8,1,4,10,7,10,7,8,7,2,8,9,"Mountain, Lakeside","Historic, Arts & Culture, Nature-Centric",Perfect 10 outdoor recreation. No Wyoming income tax. Grand Teton and Yellowstone in your backyard. The most dramatic setting in the database. Extremely expensive.,3,3,0.53,2075,,6,Mountain wildfire + Teton seismic + remoteness; low insurance stress
87,Iowa City,IA,College Town / University Hub,1,"$4,600–$5,800/mo","$284,000",5,7,9,8,7,5,5,7,7,2,6,3,Forest / Green,"College Town, Urban Neighborhood, Arts & Culture","University of Iowa Hospitals — #1 in Iowa, nationally ranked in 4 specialties including ophthalmology #6. Iowa eliminated state tax on retirement income in 2023. Iowa Writers' Workshop and a deep arts culture punch well above the city's size.",7,6,1.33,2902,,7,Severe storms + river flooding
88,Eureka Springs,AR,Mountain Arts Town,1,"$4,600–$5,700/mo","$315,000",4,6,4,7,6,7,4,6,7,4,5,3,Mountain,"Quiet & Residential, Arts & Culture, Historic","Often called ""the gayest small town in America"" — Eureka Springs has a 30%+ LGBTQ+ population, three Diversity Weekends per year, and a month-long May arts festival. Victorian historic district, Ozark spa heritage, Buffalo River nearby.",7,6,0.56,3733,,6,Ozarks severe storms; low overall
89,Miami,FL,Major Metro / Beach,3,"$6,400–$8,000/mo","$575,000",10,2,9,10,7,6,7,7,10,10,2,1,"Beach / Coastal, Urban / Metro","Urban Neighborhood, Arts & Culture","The only city in the database with all four major pro sports leagues. UM-Sylvester (NCI-designated cancer center), Jackson Memorial, Mount Sinai. Citywide median home $430K but retirees target Coral Gables, Coconut Grove, Key Biscayne, Aventura, Pinecrest ($592K–$2.25M). World-class culture, no state tax.",10,7,0.78,7136,Coastal far above state avg; inland below,2,Hurricane + surge + sea-level rise; Florida's high-cost insurance market
90,La Crosse,WI,River City / College Town,1,"$4,500–$5,500/mo","$243,000",4,8,9,6,5,8,6,5,6,2,6,4,"Forest / Green, Lakeside","Nature-Centric, College Town, Quiet & Residential","Two top-tier teaching hospitals in a city of 50K — Gundersen Health and Mayo Clinic Health System. Driftless Region bluffs (Grandad Bluff, Hixon Forest 10 mi of trails) make this a rare Midwest hiking destination. Median home $258K.",6,6,1.32,1812,,7,Mississippi River flooding; otherwise low
91,Pinehurst,NC,Resort / Golf,3,"$5,900–$7,300/mo","$542,000",5,4,8,6,5,6,9,9,7,7,5,4,Forest / Green,"Resort / Golf, Quiet & Residential","Home of American Golf — Pinehurst Resort with 10 courses including #2 (Donald Ross masterpiece, US Open anchor site). 16 of NC's Top 100 courses in Pinehurst/Southern Pines. Already a retirement community: median age 60.6, 39% age 65+. Crime extraordinarily low.",8,7,0.66,3124,Coastal above state avg,7,Sandhills inland; low exposure
92,Bentonville,AR,Small City / Cultural / Ozarks,2,"$5,500–$6,900/mo","$488,000",6,6,7,7,5,8,7,8,8,4,3,6,Forest / Green,"Arts & Culture, Nature-Centric, Historic","Self-proclaimed Mountain Biking Capital of the World — 130+ miles of singletrack connected to downtown, IMBA Silver Ride Center. Crystal Bridges Museum (free, world-class American art) anchors a downtown that punches well above its size. Two James Beard 2025 finalists for Best Chef: South — only city in the category with two. Strong regional healthcare. Bella Vista 12 min north is the affordable retiree pick. Median home $300K–$500K (Bentonville $400K–$490K, Bella Vista ~$300K).",7,7,0.56,3733,,6,NW-AR tornado/severe storms
93,Boulder,CO,College Town / Mountain / Outdoor,4,"$8,000–$9,900/mo","$964,000",8,3,7,7,8,10,8,7,9,5,7,9,"Mountain, Forest / Green","Nature-Centric, Arts & Culture, College Town","AARP Top 100 Place to Live for Older Adults (2025) — #6 mid-sized. Premier outdoor city in America — 300+ trail miles, 45,000 acres of community-funded protected Open Space (since 1967), the Flatirons. Pearl Street pedestrian mall, vibrant cultural and food scene, 300+ days of sunshine. Expensive ($800K–$1M median, COL 29% above national) but exceptional for active retirees who can afford it.",3,4,0.5,4963,Wildfire/foothill zones above avg,4,"Marshall Fire (1,000+ homes) + hail + wildfire-urban interface"
94,Salt Lake City,UT,Major Metro / Mountain,2,"$5,700–$7,100/mo","$525,000",10,4,10,5,6,10,7,7,8,3,5,9,"Mountain, Urban / Metro","Nature-Centric, Arts & Culture, Historic","Major Delta hub at the city's edge, 11 ski resorts within an hour, University of Utah Hospital #1 in Utah for 12 years running. Wasatch Front trails immediately accessible from the Avenues and East Bench. Winter air-quality inversions and Utah's tax on Social Security are the genuine tradeoffs.",3,7,0.48,1814,,6,Wasatch Fault earthquake risk + air-quality inversions + water/drought
95,New Orleans,LA,Major Metro / Historic / Cultural,1,"$4,300–$5,400/mo","$250,000",8,5,9,7,8,5,6,5,10,8,2,1,"Urban / Metro, Lakeside","Historic, Arts & Culture, Live Music","Cultural capital of the South — James Beard-tier dining, Mardi Gras, Jazz Fest, signature music scene. Ochsner #1 in Louisiana for 14 years running with geriatrics in nation's top 10%. Louisiana exempts Social Security and most pensions. Citywide median $267K but retirees target Garden District ($764K), Uptown, Lakeview, Metairie, Mandeville ($400K–$700K). Hurricane risk and citywide crime are the trade-offs.",10,8,0.55,5986,Coastal well above avg; flood insurance separate,1,Hurricane + flooding + subsidence + levee dependence + insurance crisis
96,Tulsa,OK,Major Metro / Cultural / Plains,1,"$4,200–$5,300/mo","$194,000",7,7,8,7,5,5,6,7,8,5,3,5,"Urban / Metro, Forest / Green","Arts & Culture, Live Music, Historic","Tulsa Arts District punches well above its size — Bob Dylan Center, Woody Guthrie Center, Philbrook Museum, plus the $465M Gathering Place (USA Today's ""Best City Park""). Saint Francis Hospital #1 in Oklahoma with 19 high-performing procedures. Cost of living index ~85, one of the lowest nationally. Citywide median $245K but target neighborhoods (Brookside, Maple Ridge, South Tulsa, Bixby, Jenks) range $300K–$500K. Tornado risk and citywide crime are the trade-offs.",7,8,0.79,5010,,4,"Tornado Alley — tornado, giant hail, ice storms"
97,Burlington,VT,College Town / Lakeside / Outdoor,3,"$6,000–$7,400/mo","$506,000",6,5,8,3,7,9,7,7,8,3,9,5,"Lakeside, Mountain","College Town, Nature-Centric, Arts & Culture","Vermont's largest city — UVM and Champlain College anchor a walkable downtown with the Church Street Marketplace, Flynn Center for the Performing Arts, and signature New England food and craft beer culture. Lake Champlain on one side, the Green Mountains on the other, and four world-class ski resorts (Stowe, Sugarbush, Mad River Glen, Smuggler's Notch) within 45 minutes. UVM Medical Center is Vermont's only Level 1 Trauma Center and a Healthgrades America's 250 Best Hospital 2026. Vermont taxes Social Security and most retirement income with high property tax (1.42% effective) — among the worst tax-friendliness in the database. Citywide crime high (F-grade) but retiree-target areas (South Burlington, Shelburne, Williston, Hill Section) sit 75–95th percentile.",6,4,1.51,1063,,7,Catastrophic July-2023 flooding; otherwise low exposure
98,Traverse City,MI,Resort / Lakeside / Wine Country,2,"$5,300–$6,600/mo","$420,000",6,5,8,7,6,8,7,8,8,3,9,4,"Lakeside, Forest / Green","Nature-Centric, Resort / Golf, Arts & Culture","Voted ""Most Beautiful Place in America"" by Good Morning America (2011), Traverse City sits at the head of Grand Traverse Bay surrounded by 39 wineries on Old Mission and Leelanau Peninsulas (USA Today's #2 wine region 2022 & 2023), Sleeping Bear Dunes National Lakeshore, and the world-class Interlochen Center for the Arts. Munson Medical Center #8 in Michigan with 18 high-performing procedures. Michigan completed its retirement tax repeal in 2026 — Social Security exempt, $132K joint retirement income deduction, flat 4.05%. 80"" of annual snow and limited winter daylight are the trade-offs; many local retirees are snowbirds.",6,4,1.19,2924,,9,Great Lakes; minimal catastrophic exposure
99,Provincetown,MA,Coastal Resort / Arts Colony,4,"$8,000–$10,000/mo","$924,000",4,2,4,4,9,8,7,7,9,4,8,5,Beach / Coastal,"Arts & Culture, Quiet & Residential, Resort / Golf","America's oldest continuous art colony and the ""birthplace of Modern American Theater"" — Provincetown sits at the very tip of Cape Cod where 73% of town land is protected as Cape Cod National Seashore. With a year-round population of just 3,656 (swelling past 60,000 in summer), this 3-mile-long peninsula village is the LGBTQ+ Welcoming capital of America (41% same-sex couples, highest in the nation), home to PAAM, the Provincetown Fine Arts Work Center, and a literary legacy spanning Tennessee Williams, Eugene O'Neill, and Norman Mailer. PeopleForBikes ranked Provincetown's network #1 in America. The trade-offs are severe: median single-family home $2.1M, no hospital within 50 miles, brutal seasonality, and Massachusetts's $2M estate tax cliff. This is an aesthetic and lifestyle commitment, not a value play.",7,3,1.0,1483,,4,"Outer Cape — coastal storms, surge, erosion, sea-level rise, isolation"
